function,model_name,timestamp,prompt,response,status,api_call_count
call_gemini_text,gemini-3-flash-preview,2026-04-15 20:44:29,"
        당신은 매장 주문 관리 전문가입니다. 다음 데이터를 바탕으로 점주가 주문 옵션을 선택할 수 있도록 상세한 추천 근거를 생성하세요.
        
        - 매장 ID: POC_001
        - 현재 날짜: 2026-04-15
        - 캠페인 여부: 캠페인 없음
        - 공휴일/시즌 여부: 평일
        
        추천 옵션:
        - LAST_WEEK: 150건
- TWO_WEEKS_AGO: 145건
- LAST_MONTH: 160건
        
        추천 근거 생성 조건:
        - 캠페인이나 공휴일 신호가 있는 경우 이를 반영하여 특정 옵션을 더 강조할 것.
        - 점주가 의사결정을 내릴 수 있도록 각 옵션의 장단점을 짧게 언급할 것.
        - 자연스러운 문장으로 작성할 것.
        ","{
  ""store_id"": ""POC_001"",
  ""current_date"": ""2026-04-15"",
  ""analysis_summary"": ""현재 진행 중인 캠페인이 없고 공휴일이 아닌 평범한 평일이므로, 급격한 수요 변동보다는 최근의 안정적인 주문 흐름을 반영하는 것이 중요합니다."",
  ""recommendations"": [
    {
      ""option"": ""LAST_WEEK"",
      ""order_count"": 150,
      ""pros"": ""가장 최근의 소비 트렌드를 즉각적으로 반영할 수 있어 현재 시점에서 가장 정확도가 높습니다."",
      ""cons"": ""지난주에만 발생했던 특이 사항이 있을 경우 데이터가 왜곡될 수 있습니다.""
    },
    {
      ""option"": ""TWO_WEEKS_AGO"",
      ""order_count"": 145,
      ""pros"": ""가장 보수적인 수치로, 재고 과다로 인한 손실을 최소화하고 비용을 절감하기에 적합합니다."",
      ""cons"": ""수요가 소폭 상승하는 추세일 경우 재고 부족으로 인한 판매 기회 손실이 발생할 수 있습니다.""
    },
    {
      ""option"": ""LAST_MONTH"",
      ""order_count"": 160,
      ""pros"": ""가장 넉넉한 물량을 확보하여 예상치 못한 주문 폭주에도 유연하게 대응하고 품절을 방지할 수 있습니다."",
      ""cons"": ""현재의 평균 주문량보다 다소 높아 잔여 재고가 발생하거나 폐기율이 상승할 위험이 있습니다.""
    }
  ],
  ""expert_advice"": ""특별한 이벤트가 없는 평일이므로, 최근의 흐름을 가장 잘 나타내는 'LAST_WEEK(150건)'를 기준으로 발주하시되, 안전한 운영을 원하신다면 'LAST_MONTH'의 수치를 참고하여 일부 품목만 상향 조정하시는 것을 추천드립니다.""
}",성공,1
call_gemini_text,gemini-3-flash-preview,2026-04-15 20:45:17,"
        당신은 매장 주문 관리 전문가입니다. 다음 데이터를 바탕으로 점주가 주문 옵션을 선택할 수 있도록 상세한 추천 근거를 생성하세요.
        
        - 매장 ID: POC_001
        - 현재 날짜: 2026-04-15
        - 캠페인 여부: 캠페인 없음
        - 공휴일/시즌 여부: 평일
        
        추천 옵션:
        - LAST_WEEK: 150건
- TWO_WEEKS_AGO: 145건
- LAST_MONTH: 160건
        
        추천 근거 생성 조건:
        - 캠페인이나 공휴일 신호가 있는 경우 이를 반영하여 특정 옵션을 더 강조할 것.
        - 점주가 의사결정을 내릴 수 있도록 각 옵션의 장단점을 짧게 언급할 것.
        - 자연스러운 문장으로 작성할 것.
        ","{
  ""store_id"": ""POC_001"",
  ""current_date"": ""2026-04-15"",
  ""analysis_summary"": ""현재 진행 중인 캠페인이 없고 공휴일이 아닌 평범한 평일이므로, 급격한 수요 변동보다는 최근의 안정적인 흐름을 유지하는 것이 중요합니다. 전반적으로 지난달 대비 주문량이 소폭 감소한 추세이나 지난주와 지지난주의 데이터가 유사하게 유지되고 있습니다."",
  ""recommendations"": [
    {
      ""option"": ""LAST_WEEK"",
      ""volume"": 150,
      ""pros"": ""가장 최근의 소비 패턴을 반영하므로 현재 시점의 수요와 가장 일치할 가능성이 높습니다."",
      ""cons"": ""지난주에만 발생했던 특이 사항이 있을 경우 데이터 왜곡이 발생할 수 있습니다.""
    },
    {
      ""option"": ""TWO_WEEKS_AGO"",
      ""volume"": 145,
      ""pros"": ""가장 보수적인 수치로, 재고 과다 적치 위험을 줄이고 효율적인 운영이 가능합니다."",
      ""cons"": ""주문이 몰리는 상황 발생 시 식자재 부족으로 인한 기회 손실이 발생할 수 있습니다.""
    },
    {
      ""option"": ""LAST_MONTH"",
      ""volume"": 160,
      ""pros"": ""가장 넉넉한 수량으로, 예상치 못한 주문 증가에도 유연하게 대응할 수 있어 고객 만족도가 높습니다."",
      ""cons"": ""현재의 소폭 하락 추세를 고려할 때 잔여 재고가 발생하여 폐기 비용이 늘어날 위험이 있습니다.""
    }
  ],
  ""expert_advice"": ""특별한 이벤트가 없는 평일이므로 'LAST_WEEK(150건)'를 기준으로 주문하시되, 안전한 운영을 원하신다면 'LAST_MONTH'의 수치를 참고하여 인기 품목 위주로 소량 추가 확보하시는 것을 추천드립니다.""
}",성공,1
call_gemini_text,gemini-3-flash-preview,2026-04-15 20:48:41,"
        당신은 프랜차이즈 데이터 분석 라우터입니다.
        사용자의 질문을 분석하여, 다음 데이터베이스 스키마 중 어떤 테이블을 조회해야 할지 결정하세요.
        
        [사용자 질문]
        test
        
        [데이터베이스 스키마 정의]
        {
  ""raw_daily_store_item"": {
    ""description"": ""일별 매장 상품별 매출. 모든 컬럼은 text 타입. 수치 집계: CAST(sale_qty AS NUMERIC). 날짜 필터: sale_dt >= '20260401' 처럼 반드시 따옴표 있는 문자열 리터럴 사용(숫자 리터럴 금지)"",
    ""columns"": [
      ""sale_dt(매출일자, text YYYYMMDD, 예: '20260415')"",
      ""masked_stor_cd(매장코드, text)"",
      ""item_cd(상품코드, text)"",
      ""item_nm(상품명, text)"",
      ""sale_qty(판매수량, text→CAST AS NUMERIC)"",
      ""sale_amt(매출금액, text→CAST AS NUMERIC)"",
      ""dc_amt(할인금액, text→CAST AS NUMERIC)""
    ]
  },
  ""raw_daily_store_pay_way"": {
    ""description"": ""일별 매장 결제수단(채널)별 매출. 모든 컬럼은 text 타입"",
    ""columns"": [
      ""sale_dt(매출일자, text)"",
      ""masked_stor_cd(매장코드, text)"",
      ""pay_way_cd(결제수단코드 01:신용카드 08/09/11:모바일/간편결제, text)"",
      ""pay_dtl_cd(결제상세코드, text)"",
      ""pay_amt(결제금액, text→CAST(pay_amt AS NUMERIC)로 집계)""
    ]
  },
  ""raw_pay_cd"": {
    ""description"": ""결제수단 상세 마스터 (배달의민족, 요기요 등 확인용)"",
    ""columns"": [
      ""pay_dc_cd(결제상세코드, text)"",
      ""pay_dc_nm(결제수단명, text)""
    ]
  },
  ""raw_daily_store_item_tmzon"": {
    ""description"": ""시간대별 매장 상품 매출 (피크 시간 분석용). 모든 컬럼은 text 타입"",
    ""columns"": [
      ""sale_dt(매출일자, text)"",
      ""masked_stor_cd(매장코드, text)"",
      ""item_cd(상품코드, text)"",
      ""tmzon_div(시간대 00~23, text)"",
      ""sale_qty(판매수량, text→CAST(sale_qty AS NUMERIC)로 집계)"",
      ""sale_amt(매출금액, text→CAST(sale_amt AS NUMERIC)로 집계)""
    ]
  }
}
        
        반드시 다음 JSON 형식으로만 응답하세요:
        {
            ""intent_category"": ""channel | campaign | sales_trend | cross_sell"",
            ""required_tables"": [""테이블명1"", ""테이블명2""]
        }
        ","{
  ""intent_category"": ""sales_trend"",
  ""required_tables"": [
    ""raw_daily_store_item""
  ]
}",성공,1
call_gemini_text,gemini-3-flash-preview,2026-04-15 20:48:53,"
        다음 데이터베이스 스키마와 사용자의 질문을 바탕으로 실행 가능한 PostgreSQL SELECT 쿼리를 작성하세요.
        
        - [필수] 조회 대상 매장 코드는 파라미터 바인딩을 위해 반드시 `:store_id` 로 작성하세요. (예: WHERE masked_stor_cd = :store_id)
        - [필수] 오직 'SELECT' 쿼리만 작성해야 합니다. (UPDATE, DELETE 등 불가)
        - [필수] sale_dt는 bigint(숫자형)입니다. 문자열 비교 함수(LIKE, substring 등)를 사용하지 말고 크기 비교(>=, <=)를 사용하세요. (예: sale_dt >= 20240401)
        - [필수] 테이블명과 컬럼명은 영문 소문자로만 작성하고, 절대 쌍따옴표("")로 감싸지 마세요. (예: SELECT sale_amt FROM daily_stor_item)
        - [필수] sale_amt, sale_qty 등 계산이 필요한 컬럼은 DB에서 텍스트(text)로 저장되어 있을 수 있으므로 합계를 구할 때 반드시 명시적으로 CAST 함수를 사용해야 합니다. (예: SUM(CAST(sale_amt AS NUMERIC)))
        - 기간 조건이 명시되지 않았다면, 최근 데이터 조회를 가정하고 LIMIT 10 등을 사용해 데이터를 제한하세요.

        [사용자 질문]
        test
        
        [사용할 테이블 목록]
        ['raw_daily_store_item']
        
        [데이터베이스 스키마 정의]
        {
  ""raw_daily_store_item"": {
    ""description"": ""일별 매장 상품별 매출. 모든 컬럼은 text 타입. 수치 집계: CAST(sale_qty AS NUMERIC). 날짜 필터: sale_dt >= '20260401' 처럼 반드시 따옴표 있는 문자열 리터럴 사용(숫자 리터럴 금지)"",
    ""columns"": [
      ""sale_dt(매출일자, text YYYYMMDD, 예: '20260415')"",
      ""masked_stor_cd(매장코드, text)"",
      ""item_cd(상품코드, text)"",
      ""item_nm(상품명, text)"",
      ""sale_qty(판매수량, text→CAST AS NUMERIC)"",
      ""sale_amt(매출금액, text→CAST AS NUMERIC)"",
      ""dc_amt(할인금액, text→CAST AS NUMERIC)""
    ]
  },
  ""raw_daily_store_pay_way"": {
    ""description"": ""일별 매장 결제수단(채널)별 매출. 모든 컬럼은 text 타입"",
    ""columns"": [
      ""sale_dt(매출일자, text)"",
      ""masked_stor_cd(매장코드, text)"",
      ""pay_way_cd(결제수단코드 01:신용카드 08/09/11:모바일/간편결제, text)"",
      ""pay_dtl_cd(결제상세코드, text)"",
      ""pay_amt(결제금액, text→CAST(pay_amt AS NUMERIC)로 집계)""
    ]
  },
  ""raw_pay_cd"": {
    ""description"": ""결제수단 상세 마스터 (배달의민족, 요기요 등 확인용)"",
    ""columns"": [
      ""pay_dc_cd(결제상세코드, text)"",
      ""pay_dc_nm(결제수단명, text)""
    ]
  },
  ""raw_daily_store_item_tmzon"": {
    ""description"": ""시간대별 매장 상품 매출 (피크 시간 분석용). 모든 컬럼은 text 타입"",
    ""columns"": [
      ""sale_dt(매출일자, text)"",
      ""masked_stor_cd(매장코드, text)"",
      ""item_cd(상품코드, text)"",
      ""tmzon_div(시간대 00~23, text)"",
      ""sale_qty(판매수량, text→CAST(sale_qty AS NUMERIC)로 집계)"",
      ""sale_amt(매출금액, text→CAST(sale_amt AS NUMERIC)로 집계)""
    ]
  }
}
        
        반드시 다음 JSON 형식으로 응답하세요:
        {
            ""sql"": ""실행 가능한 SELECT 쿼리""
        }
        ","{
  ""sql"": ""SELECT sale_dt, item_cd, item_nm, CAST(sale_qty AS NUMERIC) AS sale_qty, CAST(sale_amt AS NUMERIC) AS sale_amt FROM raw_daily_store_item WHERE masked_stor_cd = :store_id ORDER BY sale_dt DESC LIMIT 10""
}",성공,1
call_gemini_text,gemini-3-flash-preview,2026-04-15 20:49:00,"
        당신은 프랜차이즈 매장 점주를 돕는 AI 비서입니다.
        아래는 사용자의 질문에 대해 실제 데이터베이스를 조회한 결과입니다.
        이를 바탕으로 점주가 이해하기 쉬운 자연어 인사이트를 제공하세요.
        
        [사용자 질문]
        test
        
        [실행된 SQL 쿼리]
        SELECT sale_dt, item_cd, item_nm, CAST(sale_qty AS NUMERIC) AS sale_qty, CAST(sale_amt AS NUMERIC) AS sale_amt FROM raw_daily_store_item WHERE masked_stor_cd = :store_id ORDER BY sale_dt DESC LIMIT 10
        
        [실제 데이터 조회 결과]
        [{""sale_dt"": ""20260310"", ""item_cd"": ""832025"", ""item_nm"": ""카푸치노츄이스티"", ""sale_qty"": 12.0, ""sale_amt"": 24000.0}, {""sale_dt"": ""20260310"", ""item_cd"": ""832027"", ""item_nm"": ""올리브츄이스티"", ""sale_qty"": 12.0, ""sale_amt"": 24000.0}, {""sale_dt"": ""20260310"", ""item_cd"": ""832078"", ""item_nm"": ""소금우유도넛"", ""sale_qty"": 5.0, ""sale_amt"": 12500.0}, {""sale_dt"": ""20260310"", ""item_cd"": ""842077"", ""item_nm"": ""콘버터 꽈배기 with 에쉬레 버터"", ""sale_qty"": 4.0, ""sale_amt"": 14000.0}, {""sale_dt"": ""20260310"", ""item_cd"": ""842081"", ""item_nm"": ""씨앗츄이스틱"", ""sale_qty"": 3.0, ""sale_amt"": 7500.0}, {""sale_dt"": ""20260310"", ""item_cd"": ""N70976"", ""item_nm"": ""음료사이즈UP(ICE)"", ""sale_qty"": 4.0, ""sale_amt"": 2000.0}, {""sale_dt"": ""20260310"", ""item_cd"": ""N71490"", ""item_nm"": ""히비스커스애플티"", ""sale_qty"": 1.0, ""sale_amt"": 3500.0}, {""sale_dt"": ""20260310"", ""item_cd"": ""N71572"", ""item_nm"": ""킹아메리카노 마일드"", ""sale_qty"": 1.0, ""sale_amt"": 3900.0}, {""sale_dt"": ""20260310"", ""item_cd"": ""N90079"", ""item_nm"": ""허쉬 아이스 초코"", ""sale_qty"": 1.0, ""sale_amt"": 4000.0}, {""sale_dt"": ""20260310"", ""item_cd"": ""N90695"", ""item_nm"": ""카푸치노"", ""sale_qty"": 2.0, ""sale_amt"": 8800.0}]
        
        [요청 사항]
        1. text: 조회 결과를 바탕으로 한 요약 설명
        2. evidence: SQL 조회 결과를 근거로 작성된 문장 배열 (반드시 구체적인 수치와 함께 작성. '근거 N: ~' 형태)
        3. actions: 점주가 즉시 실행 가능한 액션 아이템 배열
        
        응답은 반드시 아래 JSON 형식을 지켜주세요:
        {
            ""text"": ""요약 설명"",
            ""evidence"": [
                ""근거 1: 최근 28일 배달 매출 2,340,000원 (전체 10,050,000원의 23.3%)"",
                ""근거 2: 요기요 비중 12.1%, 배달의민족 8.4%""
            ],
            ""actions"": [""액션 1"", ""액션 2""]
        }
        ","{
  ""text"": ""2026년 3월 10일 판매 데이터를 분석한 결과, 츄이스티 시리즈가 매장의 주력 상품으로 자리 잡고 있으며 도넛류의 판매 비중이 높게 나타났습니다. 또한 음료 사이즈 업그레이드 옵션이 활발하게 선택되고 있어 고객들의 대용량 선호도를 확인할 수 있습니다."",
  ""evidence"": [
    ""근거 1: '카푸치노츄이스티'와 '올리브츄이스티'가 각각 12개씩 판매되어 당일 최다 판매량을 기록했습니다."",
    ""근거 2: '콘버터 꽈배기 with 에쉬레 버터'는 4개 판매로 14,000원의 매출을 기록하며 도넛류 중 높은 단가를 형성하고 있습니다."",
    ""근거 3: '음료사이즈UP(ICE)' 옵션이 4건 선택되어 음료 주문 고객의 추가 매출 발생 기여도가 확인됩니다.""
  ],
  ""actions"": [
    ""판매량이 가장 높은 츄이스티 2종(카푸치노, 올리브)의 원재료 재고를 우선적으로 점검하세요."",
    ""단가가 높은 '콘버터 꽈배기'를 아메리카노와 결합한 세트 메뉴로 구성하여 객단가 상승을 유도해 보세요."",
    ""음료 주문 시 사이즈 업그레이드 혜택을 적극적으로 안내하여 부가 매출을 극대화하세요.""
  ]
}",성공,1
call_gemini_text,gemini-3-flash-preview,2026-04-21 13:29:41,"
        당신은 프랜차이즈 데이터 분석 라우터입니다.
        사용자의 질문을 분석하여, 의도(Intent)와 필요한 테이블을 결정하세요.
        
        [사용자 질문]
        배달 주문이 줄었어요
        
        [데이터베이스 스키마 정의]
        {
  ""raw_daily_store_item"": {
    ""description"": ""일별 매장 상품별 매출. 모든 컬럼은 text 타입. 수치 집계: CAST(sale_qty AS NUMERIC). 날짜 필터: sale_dt >= '20260401' 처럼 반드시 따옴표 있는 문자열 리터럴 사용(숫자 리터럴 금지)"",
    ""columns"": [
      ""sale_dt(매출일자, text YYYYMMDD, 예: '20260415')"",
      ""masked_stor_cd(매장코드, text)"",
      ""item_cd(상품코드, text)"",
      ""item_nm(상품명, text)"",
      ""sale_qty(판매수량, text→CAST AS NUMERIC)"",
      ""sale_amt(매출금액, text→CAST AS NUMERIC)"",
      ""dc_amt(할인금액, text→CAST AS NUMERIC)""
    ]
  },
  ""raw_daily_store_pay_way"": {
    ""description"": ""일별 매장 결제수단(채널)별 매출. 모든 컬럼은 text 타입"",
    ""columns"": [
      ""sale_dt(매출일자, text)"",
      ""masked_stor_cd(매장코드, text)"",
      ""pay_way_cd(결제수단코드 01:신용카드 08/09/11:모바일/간편결제, text)"",
      ""pay_dtl_cd(결제상세코드, text)"",
      ""pay_amt(결제금액, text→CAST(pay_amt AS NUMERIC)로 집계)""
    ]
  },
  ""raw_pay_cd"": {
    ""description"": ""결제수단 상세 마스터 (배달의민족, 요기요 등 확인용)"",
    ""columns"": [
      ""pay_dc_cd(결제상세코드, text)"",
      ""pay_dc_nm(결제수단명, text)""
    ]
  },
  ""raw_daily_store_item_tmzon"": {
    ""description"": ""시간대별 매장 상품 매출 (피크 시간 분석용). 모든 컬럼은 text 타입"",
    ""columns"": [
      ""sale_dt(매출일자, text)"",
      ""masked_stor_cd(매장코드, text)"",
      ""item_cd(상품코드, text)"",
      ""tmzon_div(시간대 00~23, text)"",
      ""sale_qty(판매수량, text→CAST(sale_qty AS NUMERIC)로 집계)"",
      ""sale_amt(매출금액, text→CAST(sale_amt AS NUMERIC)로 집계)""
    ]
  }
}
        
        반드시 다음 JSON 형식으로만 응답하세요:
        {
            ""intent_category"": ""channel | campaign | sales_trend | cross_sell | other"",
            ""required_tables"": [""테이블명1"", ""테이블명2""]
        }
        ","{
    ""intent_category"": ""channel"",
    ""required_tables"": [
        ""raw_daily_store_pay_way"",
        ""raw_pay_cd""
    ]
}",성공,1
call_gemini_text,gemini-3-flash-preview,2026-04-21 13:29:49,"
        다음 데이터베이스 스키마와 사용자의 질문을 바탕으로 실행 가능한 PostgreSQL SELECT 쿼리를 작성하세요.
        
        - [필수] 조회 대상 매장 코드는 파라미터 바인딩을 위해 반드시 `:store_id` 로 작성하세요. (예: WHERE masked_stor_cd = :store_id)
        - [필수] 오직 'SELECT' 쿼리만 작성해야 합니다. (UPDATE, DELETE 등 불가)
        - [필수] sale_dt는 TEXT(YYYYMMDD) 입니다. 숫자형으로 가정하지 마세요.
        - [필수] sale_dt와 숫자 리터럴을 직접 비교하지 마세요. 날짜 비교는 문자열 비교 또는 명시적 CAST를 사용하세요.
          예1) sale_dt >= '20240401'
          예2) CAST(sale_dt AS BIGINT) >= 20240401
        - [필수] sale_dt에 직접 산술연산 금지 (예: sale_dt - 6 금지). 필요한 경우 CAST 후 연산하세요.
          예) CAST(sale_dt AS BIGINT) - 6
        - [필수] 테이블명과 컬럼명은 영문 소문자로 작성하고 쌍따옴표를 쓰지 마세요.
        - [필수] sale_amt, sale_qty 등 계산이 필요한 컬럼은 DB에서 텍스트(text)로 저장되어 있을 수 있으므로 합계를 구할 때 반드시 명시적으로 CAST 함수를 사용해야 합니다. (예: SUM(CAST(sale_amt AS NUMERIC)))
        - 기간 조건이 명시되지 않았다면, 최근 데이터 조회를 가정하고 LIMIT 10 등을 사용해 데이터를 제한하세요.

        [사용자 질문]
        배달 주문이 줄었어요
        
        [사용할 테이블 목록]
        ['raw_daily_store_pay_way', 'raw_pay_cd']
        
        [데이터베이스 스키마 정의]
        {
  ""raw_daily_store_item"": {
    ""description"": ""일별 매장 상품별 매출. 모든 컬럼은 text 타입. 수치 집계: CAST(sale_qty AS NUMERIC). 날짜 필터: sale_dt >= '20260401' 처럼 반드시 따옴표 있는 문자열 리터럴 사용(숫자 리터럴 금지)"",
    ""columns"": [
      ""sale_dt(매출일자, text YYYYMMDD, 예: '20260415')"",
      ""masked_stor_cd(매장코드, text)"",
      ""item_cd(상품코드, text)"",
      ""item_nm(상품명, text)"",
      ""sale_qty(판매수량, text→CAST AS NUMERIC)"",
      ""sale_amt(매출금액, text→CAST AS NUMERIC)"",
      ""dc_amt(할인금액, text→CAST AS NUMERIC)""
    ]
  },
  ""raw_daily_store_pay_way"": {
    ""description"": ""일별 매장 결제수단(채널)별 매출. 모든 컬럼은 text 타입"",
    ""columns"": [
      ""sale_dt(매출일자, text)"",
      ""masked_stor_cd(매장코드, text)"",
      ""pay_way_cd(결제수단코드 01:신용카드 08/09/11:모바일/간편결제, text)"",
      ""pay_dtl_cd(결제상세코드, text)"",
      ""pay_amt(결제금액, text→CAST(pay_amt AS NUMERIC)로 집계)""
    ]
  },
  ""raw_pay_cd"": {
    ""description"": ""결제수단 상세 마스터 (배달의민족, 요기요 등 확인용)"",
    ""columns"": [
      ""pay_dc_cd(결제상세코드, text)"",
      ""pay_dc_nm(결제수단명, text)""
    ]
  },
  ""raw_daily_store_item_tmzon"": {
    ""description"": ""시간대별 매장 상품 매출 (피크 시간 분석용). 모든 컬럼은 text 타입"",
    ""columns"": [
      ""sale_dt(매출일자, text)"",
      ""masked_stor_cd(매장코드, text)"",
      ""item_cd(상품코드, text)"",
      ""tmzon_div(시간대 00~23, text)"",
      ""sale_qty(판매수량, text→CAST(sale_qty AS NUMERIC)로 집계)"",
      ""sale_amt(매출금액, text→CAST(sale_amt AS NUMERIC)로 집계)""
    ]
  }
}
        
        반드시 다음 JSON 형식으로 응답하세요:
        {
            ""sql"": ""실행 가능한 SELECT 쿼리""
        }
        ","{
    ""sql"": ""SELECT sale_dt, SUM(CAST(pay_amt AS NUMERIC)) AS delivery_sale_amt FROM raw_daily_store_pay_way JOIN raw_pay_cd ON raw_daily_store_pay_way.pay_dtl_cd = raw_pay_cd.pay_dc_cd WHERE masked_stor_cd = :store_id AND (pay_dc_nm LIKE '%배달%' OR pay_dc_nm LIKE '%배민%' OR pay_dc_nm LIKE '%요기요%' OR pay_dc_nm LIKE '%쿠팡%') GROUP BY sale_dt ORDER BY sale_dt DESC LIMIT 30""
}",성공,1
call_gemini_text,gemini-3-flash-preview,2026-04-21 13:29:58,"
        당신은 프랜차이즈 매장 점주를 돕는 AI 비서입니다.
        아래는 사용자의 질문에 대해 실제 데이터베이스를 조회한 결과입니다.
        이를 바탕으로 점주가 이해하기 쉬운 자연어 인사이트를 제공하세요.
        
        [사용자 질문]
        배달 주문이 줄었어요
        
        [실행된 SQL 쿼리]
        SELECT sale_dt, SUM(CAST(pay_amt AS NUMERIC)) AS delivery_sale_amt FROM raw_daily_store_pay_way JOIN raw_pay_cd ON raw_daily_store_pay_way.pay_dtl_cd = raw_pay_cd.pay_dc_cd WHERE masked_stor_cd = :store_id AND (pay_dc_nm LIKE '%배달%' OR pay_dc_nm LIKE '%배민%' OR pay_dc_nm LIKE '%요기요%' OR pay_dc_nm LIKE '%쿠팡%') GROUP BY sale_dt ORDER BY sale_dt DESC LIMIT 30
        
        [실제 데이터 조회 결과]
        [{""sale_dt"": ""20260304"", ""delivery_sale_amt"": 25400.0}, {""sale_dt"": ""20260302"", ""delivery_sale_amt"": 3700.0}, {""sale_dt"": ""20260224"", ""delivery_sale_amt"": 9100.0}, {""sale_dt"": ""20260128"", ""delivery_sale_amt"": 5200.0}, {""sale_dt"": ""20260124"", ""delivery_sale_amt"": 7200.0}, {""sale_dt"": ""20260107"", ""delivery_sale_amt"": 4400.0}, {""sale_dt"": ""20260103"", ""delivery_sale_amt"": 4400.0}, {""sale_dt"": ""20251224"", ""delivery_sale_amt"": 4000.0}, {""sale_dt"": ""20251222"", ""delivery_sale_amt"": 11000.0}, {""sale_dt"": ""20251217"", ""delivery_sale_amt"": 9200.0}, {""sale_dt"": ""20251130"", ""delivery_sale_amt"": 21400.0}, {""sale_dt"": ""20251128"", ""delivery_sale_amt"": 14600.0}, {""sale_dt"": ""20251113"", ""delivery_sale_amt"": 6200.0}, {""sale_dt"": ""20251109"", ""delivery_sale_amt"": 14700.0}, {""sale_dt"": ""20251104"", ""delivery_sale_amt"": 4200.0}, {""sale_dt"": ""20251103"", ""delivery_sale_amt"": 3400.0}, {""sale_dt"": ""20251030"", ""delivery_sale_amt"": 5000.0}, {""sale_dt"": ""20251029"", ""delivery_sale_amt"": 63900.0}, {""sale_dt"": ""20251028"", ""delivery_sale_amt"": 35700.0}, {""sale_dt"": ""20251025"", ""delivery_sale_amt"": 6600.0}, {""sale_dt"": ""20251016"", ""delivery_sale_amt"": 16800.0}]
        
        [요청 사항]
        1. text: 조회 결과를 바탕으로 한 요약 설명
        2. evidence: SQL 조회 결과를 근거로 작성된 문장 배열 (반드시 구체적인 수치와 함께 작성. '근거 N: ~' 형태)
        3. actions: 점주가 즉시 실행 가능한 액션 아이템 배열
        
        응답은 반드시 아래 JSON 형식을 지켜주세요:
        {
            ""text"": ""요약 설명"",
            ""evidence"": [
                ""근거 1: 최근 28일 배달 매출 2,340,000원 (전체 10,050,000원의 23.3%)"",
                ""근거 2: 요기요 비중 12.1%, 배달의민족 8.4%""
            ],
            ""actions"": [""액션 1"", ""액션 2""]
        }
        ","{
  ""text"": ""최근 배달 매출 데이터를 분석한 결과, 주문 빈도가 매우 낮고 매출 규모가 과거 대비 크게 위축된 상태입니다. 특히 작년 10월 말에는 일 매출 6만 원대를 기록하기도 했으나, 최근에는 월 1~2회 수준의 산발적인 주문만 발생하고 있어 배달 채널의 활성화가 시급해 보입니다."",
  ""evidence"": [
    ""근거 1: 2025년 10월 29일 최고 매출 63,900원을 기록했으나, 가장 최근인 2026년 3월에는 단 2건의 주문(총 29,100원)에 그쳤습니다."",
    ""근거 2: 2026년 2월 한 달간 발생한 배달 매출은 1건(9,100원)으로, 주문 발생 빈도가 극히 낮아진 추세입니다."",
    ""근거 3: 2025년 11월(총 6건) 대비 2026년 1월(총 4건), 2월(총 1건)으로 갈수록 월별 주문 발생 횟수가 지속적으로 감소하고 있습니다.""
  ],
  ""actions"": [
    ""배달의민족, 요기요, 쿠팡이츠 등 각 플랫폼별 매장 노출 상태 및 영업시간 설정 재점검"",
    ""배달 주문 시에만 제공하는 '리뷰 이벤트' 또는 '배달 전용 세트 메뉴'를 구성하여 주문 유도"",
    ""인근 경쟁 매장과 비교하여 배달 팁(배달비)이 높게 설정되어 있지는 않은지 가격 경쟁력 확인"",
    ""최근 주문이 발생한 3월 4일(25,400원)의 주문 메뉴를 분석하여 인기 메뉴 중심의 상단 노출 진행""
  ]
}",성공,1
call_gemini_text,gemini-3-flash-preview,2026-04-21 13:34:59,"
        당신은 매장 주문 관리 전문가입니다. 다음 데이터를 바탕으로 점주가 주문 옵션을 선택할 수 있도록 상세한 추천 근거를 생성하세요.

        - 매장 ID: POC_001
        - 현재 날짜: 2026-04-21
        - 캠페인 여부: 캠페인 없음
        - 공휴일/시즌 여부: 평일

        추천 옵션:
        - LAST_WEEK: 150건
- TWO_WEEKS_AGO: 145건
- LAST_MONTH: 160건

        추천 근거 생성 조건:
        - 캠페인이나 공휴일 신호가 있는 경우 이를 반영하여 특정 옵션을 더 강조할 것.
        - 점주가 의사결정을 내릴 수 있도록 각 옵션의 장단점을 짧게 언급할 것.
        - 자연스러운 문장으로 작성할 것.
        ","{
  ""store_id"": ""POC_001"",
  ""current_date"": ""2026-04-21"",
  ""recommendation_summary"": ""현재 진행 중인 캠페인이 없고 평범한 평일인 점을 고려할 때, 최근의 수요 흐름을 가장 밀접하게 반영하는 '지난주(150건)' 데이터를 기준으로 주문하시는 것을 추천드립니다."",
  ""options_analysis"": [
    {
      ""option"": ""LAST_WEEK"",
      ""order_count"": 150,
      ""pros"": ""가장 최근의 소비 패턴을 반영하므로 현재 시점의 수요와 일치할 확률이 매우 높습니다."",
      ""cons"": ""지난주에만 발생했던 특이 사항이 있을 경우 데이터가 왜곡될 수 있습니다.""
    },
    {
      ""option"": ""TWO_WEEKS_AGO"",
      ""order_count"": 145,
      ""pros"": ""최근 2주간의 전반적인 흐름을 파악하여 안정적인 운영을 계획하기에 좋습니다."",
      ""cons"": ""현재 추천 옵션 중 주문량이 가장 적어, 예상치 못한 수요 증가 시 재고 부족이 발생할 수 있습니다.""
    },
    {
      ""option"": ""LAST_MONTH"",
      ""order_count"": 160,
      ""pros"": ""가장 넉넉한 수량으로, 품절 리스크를 최소화하고 안정적으로 고객을 응대할 수 있습니다."",
      ""cons"": ""최근 추세(145~150건)보다 다소 높은 수치여서 재고가 남거나 폐기 비용이 발생할 위험이 있습니다.""
    }
  ]
}",성공,1
call_gemini_text,gemini-3-flash-preview,2026-04-21 13:39:12,"
        당신은 매장 주문 관리 전문가입니다. 다음 데이터를 바탕으로 점주가 주문 옵션을 선택할 수 있도록 상세한 추천 근거를 생성하세요.

        - 매장 ID: POC_001
        - 현재 날짜: 2026-04-21
        - 캠페인 여부: 캠페인 없음
        - 공휴일/시즌 여부: 평일

        추천 옵션:
        - LAST_WEEK: 150건
- TWO_WEEKS_AGO: 145건
- LAST_MONTH: 160건

        추천 근거 생성 조건:
        - 캠페인이나 공휴일 신호가 있는 경우 이를 반영하여 특정 옵션을 더 강조할 것.
        - 점주가 의사결정을 내릴 수 있도록 각 옵션의 장단점을 짧게 언급할 것.
        - 자연스러운 문장으로 작성할 것.
        ","{
  ""store_id"": ""POC_001"",
  ""current_date"": ""2026-04-21"",
  ""context"": {
    ""campaign"": ""None"",
    ""seasonality"": ""Weekday""
  },
  ""recommendation_summary"": ""현재 특별한 캠페인이나 공휴일 이슈가 없는 안정적인 평일이므로, 최근의 흐름을 가장 정확하게 반영하는 '지난주' 데이터를 기준으로 주문하는 것을 권장합니다."",
  ""options_analysis"": [
    {
      ""option"": ""LAST_WEEK"",
      ""order_count"": 150,
      ""pros"": ""최근의 소비 트렌드와 매장 상황을 가장 밀접하게 반영하여 예측 오차가 적습니다."",
      ""cons"": ""일시적인 수요 급증이 발생할 경우 대응 물량이 부족할 수 있습니다."",
      ""is_recommended"": true
    },
    {
      ""option"": ""TWO_WEEKS_AGO"",
      ""order_count"": 145,
      ""pros"": ""가장 보수적인 수치로 주문하여 재고 남음으로 인한 손실을 최소화할 수 있습니다."",
      ""cons"": ""세 옵션 중 물량이 가장 적어 판매 기회 손실이 발생할 위험이 있습니다."",
      ""is_recommended"": false
    },
    {
      ""option"": ""LAST_MONTH"",
      ""order_count"": 160,
      ""pros"": ""물량을 가장 넉넉하게 확보하여 품절 걱정 없이 공격적인 판매가 가능합니다."",
      ""cons"": ""현재의 완만한 수요 추세에 비해 재고가 과다하여 폐기 부담이 생길 수 있습니다."",
      ""is_recommended"": false
    }
  ],
  ""detailed_reasoning"": ""2026년 4월 21일은 별도의 캠페인이나 이벤트가 없는 평범한 화요일입니다. 데이터 분석 결과, 지난달(160건)에 비해 최근 2주간의 수요는 145~150건 사이로 다소 안정화된 양상을 보이고 있습니다. 대규모 집객 요인이 없는 상황에서는 가장 최근 데이터인 '지난주(150건)'를 선택하는 것이 재고 부담을 줄이면서도 안정적으로 매출을 확보할 수 있는 가장 합리적인 결정입니다.""
}",성공,1
call_gemini_text,gemini-3-flash-preview,2026-04-21 14:44:20,"
        당신은 매장 주문 관리 전문가입니다. 다음 데이터를 바탕으로 점주가 주문 옵션을 선택할 수 있도록 상세한 추천 근거를 생성하세요.

        - 매장 ID: POC_001
        - 현재 날짜: 2026-04-21
        - 캠페인 여부: 캠페인 없음
        - 공휴일/시즌 여부: 평일

        추천 옵션:
        - LAST_WEEK: 0건
- TWO_WEEKS_AGO: 0건
- LAST_MONTH: 0건

        추천 근거 생성 조건:
        - 캠페인이나 공휴일 신호가 있는 경우 이를 반영하여 특정 옵션을 더 강조할 것.
        - 점주가 의사결정을 내릴 수 있도록 각 옵션의 장단점을 짧게 언급할 것.
        - 자연스러운 문장으로 작성할 것.
        ","{
  ""store_id"": ""POC_001"",
  ""analysis_date"": ""2026-04-21"",
  ""recommendation_summary"": ""현재 모든 비교 기간의 주문 데이터가 0건으로 확인됩니다. 캠페인이나 공휴일 이슈가 없는 평일이므로, 과거 데이터에 의존하기보다는 매장의 최소 유지 물량을 기준으로 주문 의사결정을 내리시는 것을 권장합니다."",
  ""options"": [
    {
      ""option"": ""LAST_WEEK"",
      ""order_count"": 0,
      ""pros"": ""가장 최근의 운영 흐름을 즉각적으로 반영할 수 있다는 장점이 있습니다."",
      ""cons"": ""최근 주문이 전혀 없었을 경우, 실제 수요보다 적게 발주하게 될 위험이 있습니다."",
      ""recommendation_reason"": ""지난주 주문량이 0건이므로, 최근 추세를 따르되 갑작스러운 방문객 증가에 대비한 최소한의 안전 재고 확보가 필요합니다.""
    },
    {
      ""option"": ""TWO_WEEKS_AGO"",
      ""order_count"": 0,
      ""pros"": ""단기적인 변동성을 배제하고 상대적으로 안정적인 지표를 제공합니다."",
      ""cons"": ""현재 시점의 최신 트렌드나 급격한 환경 변화를 반영하기 어렵습니다."",
      ""recommendation_reason"": ""2주 전 데이터 또한 0건으로 집계되었습니다. 특이 사항이 없는 평일임을 고려하여 기본 운영 품목 위주로 검토하시기 바랍니다.""
    },
    {
      ""option"": ""LAST_MONTH"",
      ""order_count"": 0,
      ""pros"": ""한 달간의 전반적인 수요 규모를 파악하여 장기적인 재고 관리에 도움을 줍니다."",
      ""cons"": ""최근 일주일 이내에 발생한 세부적인 시장 변화를 놓칠 수 있습니다."",
      ""recommendation_reason"": ""지난달 전체 주문 기록이 없는 상태이므로, 시스템 수치에만 의존하기보다 현장의 실재고 상황을 직접 점검하여 주문량을 결정하시는 것이 가장 안전합니다.""
    }
  ],
  ""final_strategy"": ""현재 별도의 캠페인이 진행되지 않는 평범한 평일이므로, 데이터 공백으로 인한 과다 발주를 지양하고 매장 운영에 반드시 필요한 필수 식자재 위주로 소량 주문하시는 전략을 추천드립니다.""
}",성공,1
